<?xml version="1.0" encoding="UTF-8"?>
<xokum>
<record><achternaam>ACHTERNAAM</achternaam><voorletters>VOORLETTER</voorletters><straat>STRAAT</straat><nummer>NUMMER</nummer><abonneenummer>ABONUMMER</abonneenummer><plaats>PLAATS</plaats><netnummer>NETNUMMER</netnummer></record>
<record><achternaam>administratiekantoor bolte &amp; vd klink</achternaam><voorletters></voorletters><straat>hoofdwg</straat><nummer>21</nummer><abonneenummer>139</abonneenummer><plaats>xokum</plaats><netnummer>2889</netnummer></record>
<record><achternaam>bombeke</achternaam><voorletters>e</voorletters><straat>hoofdwg</straat><nummer>4</nummer><abonneenummer>112</abonneenummer><plaats>xokum</plaats><netnummer>2889</netnummer></record>
<record><achternaam>comender</achternaam><voorletters>l j</voorletters><straat>kerkstr</straat><nummer>10</nummer><abonneenummer>117</abonneenummer><plaats>xokum</plaats><netnummer>2889</netnummer></record>
<record><achternaam>damen</achternaam><voorletters>mr d m</voorletters><straat>dorpstr</straat><nummer>5</nummer><abonneenummer>122</abonneenummer><plaats>xokum</plaats><netnummer>2889</netnummer></record>
<record><achternaam>damen</achternaam><voorletters>w</voorletters><straat>stationspln</straat><nummer>13</nummer><abonneenummer>123</abonneenummer><plaats>xokum</plaats><netnummer>2889</netnummer></record>
<record><achternaam>damen</achternaam><voorletters>d j</voorletters><straat>stationspln</straat><nummer>19</nummer><abonneenummer>119</abonneenummer><plaats>xokum</plaats><netnummer>2889</netnummer></record>
<record><achternaam>dameskapsalon elegance</achternaam><voorletters></voorletters><straat>kerkstr</straat><nummer>16</nummer><abonneenummer>133</abonneenummer><plaats>xokum</plaats><netnummer>2889</netnummer></record>
<record><achternaam>dameskapsalon violette</achternaam><voorletters></voorletters><straat>hoofdwg</straat><nummer>1</nummer><abonneenummer>132</abonneenummer><plaats>xokum</plaats><netnummer>2889</netnummer></record>
<record><achternaam>domenie-van dijke</achternaam><voorletters>h</voorletters><straat>dorpstr</straat><nummer>1</nummer><abonneenummer>118</abonneenummer><plaats>xokum</plaats><netnummer>2889</netnummer></record>
<record><achternaam>elmetin</achternaam><voorletters></voorletters><straat>stationspln</straat><nummer>17</nummer><abonneenummer>135</abonneenummer><plaats>xokum</plaats><netnummer>2889</netnummer></record>
<record><achternaam>emmerik</achternaam><voorletters>a h h</voorletters><straat>kerkstr</straat><nummer>19</nummer><abonneenummer>125</abonneenummer><plaats>xokum</plaats><netnummer>2889</netnummer></record>
<record><achternaam>etman</achternaam><voorletters>b h m g</voorletters><straat>dorpstr</straat><nummer>6</nummer><abonneenummer>106</abonneenummer><plaats>xokum</plaats><netnummer>2889</netnummer></record>
<record><achternaam>etman</achternaam><voorletters>j h</voorletters><straat>stationspln</straat><nummer>14</nummer><abonneenummer>107</abonneenummer><plaats>xokum</plaats><netnummer>2889</netnummer></record>
<record><achternaam>gemeente en gem instellingen</achternaam><voorletters></voorletters><straat>stationspln</straat><nummer>4</nummer><abonneenummer>115</abonneenummer><plaats>xokum</plaats><netnummer>2889</netnummer></record>
<record><achternaam>gemeente en gem instellingen</achternaam><voorletters></voorletters><straat>idem</straat><nummer></nummer><abonneenummer>138</abonneenummer><plaats>xokum</plaats><netnummer>2889</netnummer></record>
<record><achternaam>hamakers</achternaam><voorletters>f  j</voorletters><straat>hoofdwg</straat><nummer>2</nummer><abonneenummer>104</abonneenummer><plaats>xokum</plaats><netnummer>2889</netnummer></record>
<record><achternaam>hamen</achternaam><voorletters>e e</voorletters><straat>hoofdwg</straat><nummer>11</nummer><abonneenummer>120</abonneenummer><plaats>xokum</plaats><netnummer>2889</netnummer></record>
<record><achternaam>hamerslag</achternaam><voorletters>h</voorletters><straat>hoofdwg</straat><nummer>19</nummer><abonneenummer>128</abonneenummer><plaats>xokum</plaats><netnummer>2889</netnummer></record>
<record><achternaam>hamerslag</achternaam><voorletters>h</voorletters><straat>kerkstr</straat><nummer>9</nummer><abonneenummer>129</abonneenummer><plaats>xokum</plaats><netnummer>2889</netnummer></record>
<record><achternaam>hemerik</achternaam><voorletters>h m</voorletters><straat>dorpstr</straat><nummer>16</nummer><abonneenummer>126</abonneenummer><plaats>xokum</plaats><netnummer>2889</netnummer></record>
<record><achternaam>hemerik</achternaam><voorletters>r</voorletters><straat>hoofdwg</straat><nummer>3</nummer><abonneenummer>124</abonneenummer><plaats>xokum</plaats><netnummer>2889</netnummer></record>
<record><achternaam>hymans</achternaam><voorletters>a k a</voorletters><straat>kerkstr</straat><nummer>4</nummer><abonneenummer>105</abonneenummer><plaats>xokum</plaats><netnummer>2889</netnummer></record>
<record><achternaam>ilmer</achternaam><voorletters>b</voorletters><straat>stationspln</straat><nummer>8</nummer><abonneenummer>131</abonneenummer><plaats>xokum</plaats><netnummer>2889</netnummer></record>
<record><achternaam>immerzeel</achternaam><voorletters>a</voorletters><straat>dorpstr</straat><nummer>4</nummer><abonneenummer>130</abonneenummer><plaats>xokum</plaats><netnummer>2889</netnummer></record>
<record><achternaam>kooiman</achternaam><voorletters>o</voorletters><straat>stationspln</straat><nummer></nummer><abonneenummer>141</abonneenummer><plaats>xokum</plaats><netnummer>2889</netnummer></record>
<record><achternaam>lam-offenberg</achternaam><voorletters>j j</voorletters><straat>kerkstr</straat><nummer>2</nummer><abonneenummer>101</abonneenummer><plaats>xokum</plaats><netnummer>2889</netnummer></record>
<record><achternaam>limburg</achternaam><voorletters>c j a</voorletters><straat>kerkstr</straat><nummer>7</nummer><abonneenummer>113</abonneenummer><plaats>xokum</plaats><netnummer>2889</netnummer></record>
<record><achternaam>loman</achternaam><voorletters>w</voorletters><straat>dorpstr</straat><nummer>11</nummer><abonneenummer>110</abonneenummer><plaats>xokum</plaats><netnummer>2889</netnummer></record>
<record><achternaam>numan</achternaam><voorletters>p</voorletters><straat>kerkstr</straat><nummer>15</nummer><abonneenummer>109</abonneenummer><plaats>xokum</plaats><netnummer>2889</netnummer></record>
<record><achternaam>oomen</achternaam><voorletters>jac g</voorletters><straat>kerkstr</straat><nummer>5</nummer><abonneenummer>121</abonneenummer><plaats>xokum</plaats><netnummer>2889</netnummer></record>
<record><achternaam>oomes</achternaam><voorletters>j</voorletters><straat>dorpstr</straat><nummer>9</nummer><abonneenummer>134</abonneenummer><plaats>xokum</plaats><netnummer>2889</netnummer></record>
<record><achternaam>ptt post bv</achternaam><voorletters></voorletters><straat>dorpstr</straat><nummer>72</nummer><abonneenummer>140</abonneenummer><plaats>xokum</plaats><netnummer>2889</netnummer></record>
<record><achternaam>ramaer-van putten</achternaam><voorletters>m c</voorletters><straat>stationspln</straat><nummer>10</nummer><abonneenummer>103</abonneenummer><plaats>xokum</plaats><netnummer>2889</netnummer></record>
<record><achternaam>rima handelsondern</achternaam><voorletters></voorletters><straat>dorpstr</straat><nummer>8</nummer><abonneenummer>102</abonneenummer><plaats>xokum</plaats><netnummer>2889</netnummer></record>
<record><achternaam>romeijn</achternaam><voorletters>p d g</voorletters><straat>kerkstr</straat><nummer>13</nummer><abonneenummer>137</abonneenummer><plaats>xokum</plaats><netnummer>2889</netnummer></record>
<record><achternaam>romeyn</achternaam><voorletters>j a n</voorletters><straat>hoofdwg</straat><nummer>18</nummer><abonneenummer>136</abonneenummer><plaats>xokum</plaats><netnummer>2889</netnummer></record>
<record><achternaam>rumemper</achternaam><voorletters>m</voorletters><straat>hoofdwg</straat><nummer>8</nummer><abonneenummer>116</abonneenummer><plaats>xokum</plaats><netnummer>2889</netnummer></record>
<record><achternaam>tamaris</achternaam><voorletters>m</voorletters><straat>stationspln</straat><nummer>11</nummer><abonneenummer>127</abonneenummer><plaats>xokum</plaats><netnummer>2889</netnummer></record>
<record><achternaam>toma</achternaam><voorletters>g</voorletters><straat>stationspln</straat><nummer>7</nummer><abonneenummer>111</abonneenummer><plaats>xokum</plaats><netnummer>2889</netnummer></record>
<record><achternaam>vroom &amp; dreesman xokum</achternaam><voorletters></voorletters><straat>hoofdwg</straat><nummer>16</nummer><abonneenummer>108</abonneenummer><plaats>xokum</plaats><netnummer>2889</netnummer></record>
</xokum>

