<?xml version="1.0" standalone="yes"?>
<DATAPACKET Version="2.0">
  <METADATA>
    <FIELDS>
      <FIELD attrname="achternaam" fieldtype="string" WIDTH="40"/>
      <FIELD attrname="voorletters" fieldtype="string" WIDTH="10"/>
      <FIELD attrname="straat" fieldtype="string" WIDTH="20"/>
      <FIELD attrname="nummer" fieldtype="i4"/>
      <FIELD attrname="abonneenummer" fieldtype="i4"/>
      <FIELD attrname="plaats" fieldtype="string" WIDTH="20"/>
      <FIELD attrname="netnummer" fieldtype="i4"/>
    </FIELDS>
    <PARAMS/>
  </METADATA>
  <ROWDATA>
    <ROW achternaam="abc" voorletters="abc" straat="abc" nummer="123456" abonneenummer="123456" plaats="abc" netnummer="123456"/>
  </ROWDATA>
</DATAPACKET>